IP,Shodan.io
62.71.118.104,https://www.shodan.io/host/62.71.118.104
193.64.213.150,https://www.shodan.io/host/193.64.213.150
193.64.186.214,https://www.shodan.io/host/193.64.186.214
88.112.34.62,https://www.shodan.io/host/88.112.34.62
194.86.7.34,https://www.shodan.io/host/194.86.7.34
62.71.90.95,https://www.shodan.io/host/62.71.90.95
62.71.118.59,https://www.shodan.io/host/62.71.118.59
193.94.245.38,https://www.shodan.io/host/193.94.245.38
109.204.202.81,https://www.shodan.io/host/109.204.202.81
87.94.167.155,https://www.shodan.io/host/87.94.167.155
109.204.200.38,https://www.shodan.io/host/109.204.200.38
213.204.35.227,https://www.shodan.io/host/213.204.35.227
91.153.117.6,https://www.shodan.io/host/91.153.117.6
91.155.152.210,https://www.shodan.io/host/91.155.152.210
194.89.35.154,https://www.shodan.io/host/194.89.35.154
194.136.188.38,https://www.shodan.io/host/194.136.188.38
86.114.73.146,https://www.shodan.io/host/86.114.73.146
62.71.89.87,https://www.shodan.io/host/62.71.89.87
88.112.75.220,https://www.shodan.io/host/88.112.75.220
109.204.201.108,https://www.shodan.io/host/109.204.201.108
193.64.207.250,https://www.shodan.io/host/193.64.207.250
85.23.204.216,https://www.shodan.io/host/85.23.204.216
82.116.227.146,https://www.shodan.io/host/82.116.227.146
62.71.89.180,https://www.shodan.io/host/62.71.89.180
195.165.137.231,https://www.shodan.io/host/195.165.137.231
109.204.201.144,https://www.shodan.io/host/109.204.201.144
193.64.204.10,https://www.shodan.io/host/193.64.204.10
194.157.173.90,https://www.shodan.io/host/194.157.173.90
212.213.160.155,https://www.shodan.io/host/212.213.160.155
62.71.89.50,https://www.shodan.io/host/62.71.89.50
88.112.76.154,https://www.shodan.io/host/88.112.76.154
62.71.89.92,https://www.shodan.io/host/62.71.89.92
193.64.24.254,https://www.shodan.io/host/193.64.24.254
194.157.8.130,https://www.shodan.io/host/194.157.8.130
62.71.118.154,https://www.shodan.io/host/62.71.118.154
62.71.118.121,https://www.shodan.io/host/62.71.118.121
62.71.90.235,https://www.shodan.io/host/62.71.90.235
212.146.60.10,https://www.shodan.io/host/212.146.60.10
88.112.75.187,https://www.shodan.io/host/88.112.75.187
88.112.78.8,https://www.shodan.io/host/88.112.78.8
193.64.216.166,https://www.shodan.io/host/193.64.216.166
88.112.244.130,https://www.shodan.io/host/88.112.244.130
193.64.204.2,https://www.shodan.io/host/193.64.204.2
213.216.218.222,https://www.shodan.io/host/213.216.218.222
194.157.44.162,https://www.shodan.io/host/194.157.44.162
213.204.34.195,https://www.shodan.io/host/213.204.34.195
87.94.167.162,https://www.shodan.io/host/87.94.167.162
88.112.77.170,https://www.shodan.io/host/88.112.77.170
62.145.168.47,https://www.shodan.io/host/62.145.168.47
84.249.89.141,https://www.shodan.io/host/84.249.89.141
84.230.7.157,https://www.shodan.io/host/84.230.7.157
109.204.200.191,https://www.shodan.io/host/109.204.200.191
194.157.180.66,https://www.shodan.io/host/194.157.180.66
91.153.233.98,https://www.shodan.io/host/91.153.233.98
62.71.89.81,https://www.shodan.io/host/62.71.89.81
193.208.81.219,https://www.shodan.io/host/193.208.81.219
88.113.70.96,https://www.shodan.io/host/88.113.70.96
212.149.159.67,https://www.shodan.io/host/212.149.159.67
194.157.204.30,https://www.shodan.io/host/194.157.204.30
212.213.160.150,https://www.shodan.io/host/212.213.160.150
62.71.119.68,https://www.shodan.io/host/62.71.119.68
193.184.163.170,https://www.shodan.io/host/193.184.163.170
80.246.156.148,https://www.shodan.io/host/80.246.156.148
193.184.20.182,https://www.shodan.io/host/193.184.20.182
80.248.250.238,https://www.shodan.io/host/80.248.250.238
88.112.74.82,https://www.shodan.io/host/88.112.74.82
84.231.3.152,https://www.shodan.io/host/84.231.3.152
194.136.172.182,https://www.shodan.io/host/194.136.172.182
193.210.234.82,https://www.shodan.io/host/193.210.234.82
83.102.111.218,https://www.shodan.io/host/83.102.111.218
62.165.140.99,https://www.shodan.io/host/62.165.140.99
62.165.140.100,https://www.shodan.io/host/62.165.140.100
62.71.118.120,https://www.shodan.io/host/62.71.118.120
87.94.167.38,https://www.shodan.io/host/87.94.167.38
62.71.90.35,https://www.shodan.io/host/62.71.90.35
62.71.90.34,https://www.shodan.io/host/62.71.90.34
193.64.216.167,https://www.shodan.io/host/193.64.216.167
91.158.238.24,https://www.shodan.io/host/91.158.238.24
87.92.124.228,https://www.shodan.io/host/87.92.124.228
88.194.145.26,https://www.shodan.io/host/88.194.145.26
195.165.181.114,https://www.shodan.io/host/195.165.181.114
193.184.17.202,https://www.shodan.io/host/193.184.17.202
109.204.201.88,https://www.shodan.io/host/109.204.201.88
109.204.202.127,https://www.shodan.io/host/109.204.202.127
194.157.216.34,https://www.shodan.io/host/194.157.216.34
194.136.16.2,https://www.shodan.io/host/194.136.16.2
62.71.118.125,https://www.shodan.io/host/62.71.118.125
62.71.118.124,https://www.shodan.io/host/62.71.118.124
62.71.118.126,https://www.shodan.io/host/62.71.118.126
88.112.48.195,https://www.shodan.io/host/88.112.48.195
194.137.86.190,https://www.shodan.io/host/194.137.86.190
88.112.77.171,https://www.shodan.io/host/88.112.77.171
88.112.34.176,https://www.shodan.io/host/88.112.34.176
62.71.119.78,https://www.shodan.io/host/62.71.119.78
62.71.89.179,https://www.shodan.io/host/62.71.89.179
62.71.89.184,https://www.shodan.io/host/62.71.89.184
192.194.90.156,https://www.shodan.io/host/192.194.90.156
195.165.137.37,https://www.shodan.io/host/195.165.137.37
109.204.200.155,https://www.shodan.io/host/109.204.200.155
87.94.167.114,https://www.shodan.io/host/87.94.167.114
212.213.160.154,https://www.shodan.io/host/212.213.160.154
91.155.246.238,https://www.shodan.io/host/91.155.246.238
192.130.248.50,https://www.shodan.io/host/192.130.248.50
194.197.67.58,https://www.shodan.io/host/194.197.67.58
84.250.4.62,https://www.shodan.io/host/84.250.4.62
195.156.234.81,https://www.shodan.io/host/195.156.234.81
62.71.90.249,https://www.shodan.io/host/62.71.90.249
80.186.8.141,https://www.shodan.io/host/80.186.8.141
62.71.89.61,https://www.shodan.io/host/62.71.89.61
109.204.200.69,https://www.shodan.io/host/109.204.200.69
194.251.205.62,https://www.shodan.io/host/194.251.205.62
62.71.88.236,https://www.shodan.io/host/62.71.88.236
91.156.29.191,https://www.shodan.io/host/91.156.29.191
193.184.54.250,https://www.shodan.io/host/193.184.54.250
84.248.89.44,https://www.shodan.io/host/84.248.89.44
62.71.91.227,https://www.shodan.io/host/62.71.91.227
88.112.77.127,https://www.shodan.io/host/88.112.77.127
193.64.213.148,https://www.shodan.io/host/193.64.213.148
62.106.31.27,https://www.shodan.io/host/62.106.31.27
86.115.16.71,https://www.shodan.io/host/86.115.16.71
193.64.209.114,https://www.shodan.io/host/193.64.209.114
193.64.151.90,https://www.shodan.io/host/193.64.151.90
91.156.110.97,https://www.shodan.io/host/91.156.110.97
87.94.167.160,https://www.shodan.io/host/87.94.167.160
91.156.12.123,https://www.shodan.io/host/91.156.12.123
89.106.37.128,https://www.shodan.io/host/89.106.37.128
91.159.168.15,https://www.shodan.io/host/91.159.168.15
195.165.182.249,https://www.shodan.io/host/195.165.182.249
109.204.200.92,https://www.shodan.io/host/109.204.200.92
81.209.68.106,https://www.shodan.io/host/81.209.68.106
88.112.72.63,https://www.shodan.io/host/88.112.72.63
62.78.237.194,https://www.shodan.io/host/62.78.237.194
62.71.119.194,https://www.shodan.io/host/62.71.119.194
87.94.73.67,https://www.shodan.io/host/87.94.73.67
85.23.203.16,https://www.shodan.io/host/85.23.203.16
109.204.201.133,https://www.shodan.io/host/109.204.201.133
62.71.119.70,https://www.shodan.io/host/62.71.119.70
213.141.102.195,https://www.shodan.io/host/213.141.102.195
195.165.207.235,https://www.shodan.io/host/195.165.207.235
62.71.89.89,https://www.shodan.io/host/62.71.89.89
62.71.89.88,https://www.shodan.io/host/62.71.89.88
109.204.202.113,https://www.shodan.io/host/109.204.202.113
62.71.118.122,https://www.shodan.io/host/62.71.118.122
193.184.247.162,https://www.shodan.io/host/193.184.247.162
193.64.216.162,https://www.shodan.io/host/193.64.216.162
83.145.243.37,https://www.shodan.io/host/83.145.243.37
89.166.88.196,https://www.shodan.io/host/89.166.88.196
193.64.32.66,https://www.shodan.io/host/193.64.32.66
195.165.137.63,https://www.shodan.io/host/195.165.137.63
82.197.0.172,https://www.shodan.io/host/82.197.0.172
88.112.79.217,https://www.shodan.io/host/88.112.79.217
109.204.201.21,https://www.shodan.io/host/109.204.201.21
194.157.222.178,https://www.shodan.io/host/194.157.222.178
84.231.3.63,https://www.shodan.io/host/84.231.3.63
193.184.17.194,https://www.shodan.io/host/193.184.17.194
62.71.118.60,https://www.shodan.io/host/62.71.118.60
213.250.113.66,https://www.shodan.io/host/213.250.113.66
91.156.15.121,https://www.shodan.io/host/91.156.15.121
212.146.21.250,https://www.shodan.io/host/212.146.21.250
193.185.38.78,https://www.shodan.io/host/193.185.38.78
193.65.94.34,https://www.shodan.io/host/193.65.94.34
194.157.171.20,https://www.shodan.io/host/194.157.171.20
80.186.194.119,https://www.shodan.io/host/80.186.194.119
91.156.30.180,https://www.shodan.io/host/91.156.30.180
82.116.227.148,https://www.shodan.io/host/82.116.227.148
62.71.90.56,https://www.shodan.io/host/62.71.90.56
194.136.163.246,https://www.shodan.io/host/194.136.163.246
193.64.204.18,https://www.shodan.io/host/193.64.204.18
62.71.90.154,https://www.shodan.io/host/62.71.90.154
194.197.66.181,https://www.shodan.io/host/194.197.66.181
62.71.118.115,https://www.shodan.io/host/62.71.118.115
62.71.90.233,https://www.shodan.io/host/62.71.90.233
62.197.172.251,https://www.shodan.io/host/62.197.172.251
62.71.91.170,https://www.shodan.io/host/62.71.91.170
109.204.202.107,https://www.shodan.io/host/109.204.202.107
193.208.83.90,https://www.shodan.io/host/193.208.83.90
195.165.182.235,https://www.shodan.io/host/195.165.182.235
109.204.201.201,https://www.shodan.io/host/109.204.201.201
194.157.91.150,https://www.shodan.io/host/194.157.91.150
88.112.105.79,https://www.shodan.io/host/88.112.105.79
176.72.240.181,https://www.shodan.io/host/176.72.240.181
88.113.230.81,https://www.shodan.io/host/88.113.230.81
194.197.64.118,https://www.shodan.io/host/194.197.64.118
88.112.77.86,https://www.shodan.io/host/88.112.77.86
62.71.89.21,https://www.shodan.io/host/62.71.89.21
88.112.74.54,https://www.shodan.io/host/88.112.74.54
88.115.63.64,https://www.shodan.io/host/88.115.63.64
109.204.202.18,https://www.shodan.io/host/109.204.202.18
81.175.255.132,https://www.shodan.io/host/81.175.255.132
83.102.52.138,https://www.shodan.io/host/83.102.52.138
193.64.31.190,https://www.shodan.io/host/193.64.31.190
193.185.169.86,https://www.shodan.io/host/193.185.169.86
88.112.72.69,https://www.shodan.io/host/88.112.72.69
88.113.46.78,https://www.shodan.io/host/88.113.46.78
194.136.163.243,https://www.shodan.io/host/194.136.163.243
194.157.243.254,https://www.shodan.io/host/194.157.243.254
81.175.188.24,https://www.shodan.io/host/81.175.188.24
193.64.216.163,https://www.shodan.io/host/193.64.216.163
91.155.246.32,https://www.shodan.io/host/91.155.246.32
91.154.167.231,https://www.shodan.io/host/91.154.167.231
85.23.204.131,https://www.shodan.io/host/85.23.204.131
213.139.184.253,https://www.shodan.io/host/213.139.184.253
88.112.76.39,https://www.shodan.io/host/88.112.76.39
194.157.94.6,https://www.shodan.io/host/194.157.94.6
91.156.12.67,https://www.shodan.io/host/91.156.12.67
91.154.236.251,https://www.shodan.io/host/91.154.236.251
194.136.70.190,https://www.shodan.io/host/194.136.70.190
91.159.219.232,https://www.shodan.io/host/91.159.219.232
194.136.127.82,https://www.shodan.io/host/194.136.127.82
194.157.158.146,https://www.shodan.io/host/194.157.158.146
91.159.238.8,https://www.shodan.io/host/91.159.238.8
62.71.89.86,https://www.shodan.io/host/62.71.89.86
88.112.244.218,https://www.shodan.io/host/88.112.244.218
85.156.160.14,https://www.shodan.io/host/85.156.160.14
193.208.83.203,https://www.shodan.io/host/193.208.83.203
109.204.200.89,https://www.shodan.io/host/109.204.200.89
91.156.206.56,https://www.shodan.io/host/91.156.206.56
62.71.118.93,https://www.shodan.io/host/62.71.118.93
109.204.201.148,https://www.shodan.io/host/109.204.201.148
194.157.16.70,https://www.shodan.io/host/194.157.16.70
87.94.227.136,https://www.shodan.io/host/87.94.227.136
62.145.166.198,https://www.shodan.io/host/62.145.166.198
62.216.102.26,https://www.shodan.io/host/62.216.102.26
213.204.35.234,https://www.shodan.io/host/213.204.35.234
193.64.24.66,https://www.shodan.io/host/193.64.24.66
91.156.128.200,https://www.shodan.io/host/91.156.128.200
193.64.197.30,https://www.shodan.io/host/193.64.197.30
91.153.157.234,https://www.shodan.io/host/91.153.157.234
89.166.88.22,https://www.shodan.io/host/89.166.88.22
194.157.72.198,https://www.shodan.io/host/194.157.72.198
91.152.245.39,https://www.shodan.io/host/91.152.245.39
195.165.180.49,https://www.shodan.io/host/195.165.180.49
82.116.227.147,https://www.shodan.io/host/82.116.227.147
46.132.186.87,https://www.shodan.io/host/46.132.186.87
194.136.22.226,https://www.shodan.io/host/194.136.22.226
62.71.89.94,https://www.shodan.io/host/62.71.89.94
62.71.89.93,https://www.shodan.io/host/62.71.89.93
217.78.200.173,https://www.shodan.io/host/217.78.200.173
62.44.193.177,https://www.shodan.io/host/62.44.193.177
91.158.160.245,https://www.shodan.io/host/91.158.160.245
109.204.200.214,https://www.shodan.io/host/109.204.200.214
193.64.214.194,https://www.shodan.io/host/193.64.214.194
109.204.202.109,https://www.shodan.io/host/109.204.202.109
193.64.216.164,https://www.shodan.io/host/193.64.216.164
82.197.0.171,https://www.shodan.io/host/82.197.0.171
91.156.30.22,https://www.shodan.io/host/91.156.30.22
62.71.119.15,https://www.shodan.io/host/62.71.119.15
194.197.64.117,https://www.shodan.io/host/194.197.64.117
84.230.12.219,https://www.shodan.io/host/84.230.12.219
89.106.56.98,https://www.shodan.io/host/89.106.56.98
194.157.89.138,https://www.shodan.io/host/194.157.89.138
88.114.196.107,https://www.shodan.io/host/88.114.196.107
194.136.144.70,https://www.shodan.io/host/194.136.144.70
193.64.216.165,https://www.shodan.io/host/193.64.216.165
213.216.198.226,https://www.shodan.io/host/213.216.198.226
88.113.46.251,https://www.shodan.io/host/88.113.46.251
194.157.168.62,https://www.shodan.io/host/194.157.168.62
194.136.163.245,https://www.shodan.io/host/194.136.163.245
109.204.200.222,https://www.shodan.io/host/109.204.200.222
62.71.90.251,https://www.shodan.io/host/62.71.90.251
185.89.53.104,https://www.shodan.io/host/185.89.53.104
